Workbook

Sheet Cover
B9: Document Control Register
B10: AHQS — Accelerate Healthcare Quality Solutions
B13: A comprehensive document management tool with version control, review tracking, approval workflow, distribution lists, and a status dashboard with charts.
B15: Key Features
B16: • Document version control with review cycle tracking
B17: • Auto-calculated overdue review flags
B18: • Document type and status breakdown
B19: • Distribution list tracking
B20: • Review calendar with upcoming deadlines
B21: • Dashboard with charts and KPIs
B23: How to Use
B24: 1. Start with the Data Entry sheet — fill in yellow-shaded input cells only
... B34: Tool ID: AHQS-DOC-002 | Version: 2.0 | Created: October 2026 | AHQS Healthcare Quality Solutions

Sheet Settings
A1: Doc_Types | B1: Doc_Status | C1: Departments
A2: SOP | B2: Draft | C2: Laboratory
A3: Policy | B3: Under Review | C3: Quality
A4: Form | B4: Approved | C4: Safety
A5: Manual | B5: Active | C5: Administration
A6: Guideline | B6: Superseded | C6: IT
A7: Work Instruction | B7: Archived | C7: HR
A8: Record | C8: All

Sheet Document Register
A1: # | B1: Doc ID | C1: Document Title | D1: Type | E1: Version | F1: Status | G1: Author | H1: Approved By | I1: Effective Date | J1: Next Review | K1: Department | L1: Distribution | M1: Location/Link | N1: Review Status | O1: Days to Review
A2: 1 | B2: DOC-001 | C2: Sample Receipt and Accessioning SOP | D2: SOP | E2: 3.1 | F2: Active | G2: Lab Tech | H2: Lab Manager | I2: 2026-01-01 | J2: 2027-01-01 | K2: Laboratory | L2: All lab staff | M2: Shared Drive / SOP-001 | N2: =IF(J2="","",IF(TODAY()>DATEVALUE(J2),"OVERDUE",IF(DATEVALUE(J2)-TODAY()<=30,"DUE SOON","OK"))) -> OK | O2: =IF(J2="","",IF(TODAY()>DATEVALUE(J2),TODAY()-DATEVALUE(J2),DATEVALUE(J2)-TODAY())) -> 86
A3: 2 | B3: DOC-002 | C3: Critical Value Notification Policy | D3: Policy | E3: 2.0 | F3: Active | G3: Quality Officer | H3: Medical Director | I3: 2026-01-15 | J3: 2027-01-15 | K3: Quality | L3: All staff | M3: Shared Drive / POL-002 | N3: =IF(J3="","",IF(TODAY()>DATEVALUE(J3),"OVERDUE",IF(DATEVALUE(J3)-TODAY()<=30,"DUE SOON","OK"))) -> OK | O3: =IF(J3="","",IF(TODAY()>DATEVALUE(J3),TODAY()-DATEVALUE(J3),DATEVALUE(J3)-TODAY())) -> 100
A4: 3 | B4: DOC-003 | C4: Equipment Calibration Record Form | D4: Form | E4: 1.5 | F4: Active | G4: Lab Manager | H4: Quality Manager | I4: 2026-02-01 | J4: 2026-11-01 | K4: Laboratory | L4: Lab staff | M4: Shared Drive / FRM-003 | N4: =IF(J4="","",IF(TODAY()>DATEVALUE(J4),"OVERDUE",IF(DATEVALUE(J4)-TODAY()<=30,"DUE SOON","OK"))) -> DUE SOON | O4: =IF(J4="","",IF(TODAY()>DATEVALUE(J4),TODAY()-DATEVALUE(J4),DATEVALUE(J4)-TODAY())) -> 25
A5: 4 | B5: DOC-004 | C5: Laboratory Safety Manual | D5: Manual | E5: 4.0 | F5: Active | G5: Safety Officer | H5: Lab Director | I5: 2026-01-01 | J5: 2027-01-01 | K5: Safety | L5: All staff | M5: Shared Drive / MAN-004 | N5: =IF(J5="","",IF(TODAY()>DATEVALUE(J5),"OVERDUE",IF(DATEVALUE(J5)-TODAY()<=30,"DUE SOON","OK"))) -> OK | O5: =IF(J5="","",IF(TODAY()>DATEVALUE(J5),TODAY()-DATEVALUE(J5),DATEVALUE(J5)-TODAY())) -> 86
A6: 5 | B6: DOC-005 | C6: CAPA Investigation Form | D6: Form | E6: 2.1 | F6: Under Review | G6: Quality Officer | I6: 2025-08-01 | J6: 2026-08-01 | K6: Quality | L6: Quality team | M6: Shared Drive / FRM-005 | N6: =IF(J6="","",IF(TODAY()>DATEVALUE(J6),"OVERDUE",IF(DATEVALUE(J6)-TODAY()<=30,"DUE SOON","OK"))) -> OVERDUE | O6: =IF(J6="","",IF(TODAY()>DATEVALUE(J6),TODAY()-DATEVALUE(J6),DATEVALUE(J6)-TODAY())) -> 67
A7: 6 | B7: DOC-006 | C7: Quality Management System Manual | D7: Manual | E7: 5.0 | F7: Active | G7: Quality Manager | H7: Lab Director | I7: 2026-03-01 | J7: 2027-03-01 | K7: Quality | L7: All staff | M7: Shared Drive / MAN-006 | N7: =IF(J7="","",IF(TODAY()>DATEVALUE(J7),"OVERDUE",IF(DATEVALUE(J7)-TODAY()<=30,"DUE SOON","OK"))) -> OK | O7: =IF(J7="","",IF(TODAY()>DATEVALUE(J7),TODAY()-DATEVALUE(J7),DATEVALUE(J7)-TODAY())) -> 145
A8: 7 | B8: DOC-007 | C8: Specimen Rejection Criteria | D8: SOP | E8: 2.3 | F8: Active | G8: Lab Supervisor | H8: Lab Manager | I8: 2026-02-15 | J8: 2027-02-15 | K8: Laboratory | L8: Lab staff | M8: Shared Drive / SOP-007 | N8: =IF(J8="","",IF(TODAY()>DATEVALUE(J8),"OVERDUE",IF(DATEVALUE(J8)-TODAY()<=30,"DUE SOON","OK"))) -> OK | O8: =IF(J8="","",IF(TODAY()>DATEVALUE(J8),TODAY()-DATEVALUE(J8),DATEVALUE(J8)-TODAY())) -> 131
A9: 8 | B9: DOC-008 | C9: Competency Assessment Procedure | D9: SOP | E9: 1.2 | F9: Active | G9: HR Manager | H9: Lab Director | I9: 2026-01-20 | J9: 2026-10-20 | K9: HR | L9: All staff | M9: Shared Drive / SOP-008 | N9: =IF(J9="","",IF(TODAY()>DATEVALUE(J9),"OVERDUE",IF(DATEVALUE(J9)-TODAY()<=30,"DUE SOON","OK"))) -> DUE SOON | O9: =IF(J9="","",IF(TODAY()>DATEVALUE(J9),TODAY()-DATEVALUE(J9),DATEVALUE(J9)-TODAY())) -> 13
A10: 9 | B10: DOC-009 | C10: Proficiency Testing Procedure | D10: SOP | E10: 3.0 | F10: Active | G10: Quality Manager | H10: Lab Director | I10: 2026-01-10 | J10: 2027-01-10 | K10: Laboratory | L10: Lab staff | M10: Shared Drive / SOP-009 | N10: =IF(J10="","",IF(TODAY()>DATEVALUE(J10),"OVERDUE",IF(DATEVALUE(J10)-TODAY()<=30,"DUE SOON","OK"))) -> OK | O10: =IF(J10="","",IF(TODAY()>DATEVALUE(J10),TODAY()-DATEVALUE(J10),DATEVALUE(J10)-TODAY())) -> 95
A11: 10 | B11: DOC-010 | C11: Temperature Monitoring Log Form | D11: Form | E11: 1.0 | F11: Draft | G11: Lab Tech | J11: 2026-12-01 | K11: Laboratory | L11: Lab staff | M11: Shared Drive / FRM-010 | N11: =IF(J11="","",IF(TODAY()>DATEVALUE(J11),"OVERDUE",IF(DATEVALUE(J11)-TODAY()<=30,"DUE SOON","OK"))) -> OK | O11: =IF(J11="","",IF(TODAY()>DATEVALUE(J11),TODAY()-DATEVALUE(J11),DATEVALUE(J11)-TODAY())) -> 55
A12: 11 | N12: =IF(J12="","",IF(TODAY()>DATEVALUE(J12),"OVERDUE",IF(DATEVALUE(J12)-TODAY()<=30,"DUE SOON","OK"))) | O12: =IF(J12="","",IF(TODAY()>DATEVALUE(J12),TODAY()-DATEVALUE(J12),DATEVALUE(J12)-TODAY()))
A13: 12 | N13: =IF(J13="","",IF(TODAY()>DATEVALUE(J13),"OVERDUE",IF(DATEVALUE(J13)-TODAY()<=30,"DUE SOON","OK"))) | O13: =IF(J13="","",IF(TODAY()>DATEVALUE(J13),TODAY()-DATEVALUE(J13),DATEVALUE(J13)-TODAY()))
A14: 13 | N14: =IF(J14="","",IF(TODAY()>DATEVALUE(J14),"OVERDUE",IF(DATEVALUE(J14)-TODAY()<=30,"DUE SOON","OK"))) | O14: =IF(J14="","",IF(TODAY()>DATEVALUE(J14),TODAY()-DATEVALUE(J14),DATEVALUE(J14)-TODAY()))
A15: 14 | N15: =IF(J15="","",IF(TODAY()>DATEVALUE(J15),"OVERDUE",IF(DATEVALUE(J15)-TODAY()<=30,"DUE SOON","OK"))) | O15: =IF(J15="","",IF(TODAY()>DATEVALUE(J15),TODAY()-DATEVALUE(J15),DATEVALUE(J15)-TODAY()))
A16: 15 | N16: =IF(J16="","",IF(TODAY()>DATEVALUE(J16),"OVERDUE",IF(DATEVALUE(J16)-TODAY()<=30,"DUE SOON","OK"))) | O16: =IF(J16="","",IF(TODAY()>DATEVALUE(J16),TODAY()-DATEVALUE(J16),DATEVALUE(J16)-TODAY()))
A17: 16 | N17: =IF(J17="","",IF(TODAY()>DATEVALUE(J17),"OVERDUE",IF(DATEVALUE(J17)-TODAY()<=30,"DUE SOON","OK"))) | O17: =IF(J17="","",IF(TODAY()>DATEVALUE(J17),TODAY()-DATEVALUE(J17),DATEVALUE(J17)-TODAY()))
A18: 17 | N18: =IF(J18="","",IF(TODAY()>DATEVALUE(J18),"OVERDUE",IF(DATEVALUE(J18)-TODAY()<=30,"DUE SOON","OK"))) | O18: =IF(J18="","",IF(TODAY()>DATEVALUE(J18),TODAY()-DATEVALUE(J18),DATEVALUE(J18)-TODAY()))
A19: 18 | N19: =IF(J19="","",IF(TODAY()>DATEVALUE(J19),"OVERDUE",IF(DATEVALUE(J19)-TODAY()<=30,"DUE SOON","OK"))) | O19: =IF(J19="","",IF(TODAY()>DATEVALUE(J19),TODAY()-DATEVALUE(J19),DATEVALUE(J19)-TODAY()))
A20: 19 | N20: =IF(J20="","",IF(TODAY()>DATEVALUE(J20),"OVERDUE",IF(DATEVALUE(J20)-TODAY()<=30,"DUE SOON","OK"))) | O20: =IF(J20="","",IF(TODAY()>DATEVALUE(J20),TODAY()-DATEVALUE(J20),DATEVALUE(J20)-TODAY()))
A21: 20 | N21: =IF(J21="","",IF(TODAY()>DATEVALUE(J21),"OVERDUE",IF(DATEVALUE(J21)-TODAY()<=30,"DUE SOON","OK"))) | O21: =IF(J21="","",IF(TODAY()>DATEVALUE(J21),TODAY()-DATEVALUE(J21),DATEVALUE(J21)-TODAY()))
A22: 21 | N22: =IF(J22="","",IF(TODAY()>DATEVALUE(J22),"OVERDUE",IF(DATEVALUE(J22)-TODAY()<=30,"DUE SOON","OK"))) | O22: =IF(J22="","",IF(TODAY()>DATEVALUE(J22),TODAY()-DATEVALUE(J22),DATEVALUE(J22)-TODAY()))
A23: 22 | N23: =IF(J23="","",IF(TODAY()>DATEVALUE(J23),"OVERDUE",IF(DATEVALUE(J23)-TODAY()<=30,"DUE SOON","OK"))) | O23: =IF(J23="","",IF(TODAY()>DATEVALUE(J23),TODAY()-DATEVALUE(J23),DATEVALUE(J23)-TODAY()))
... A41: 40 | N41: =IF(J41="","",IF(TODAY()>DATEVALUE(J41),"OVERDUE",IF(DATEVALUE(J41)-TODAY()<=30,"DUE SOON","OK"))) | O41: =IF(J41="","",IF(TODAY()>DATEVALUE(J41),TODAY()-DATEVALUE(J41),DATEVALUE(J41)-TODAY()))

Sheet Dashboard
B2: Document Control Dashboard
B4: Total Documents | D4: Active | F4: Overdue Reviews | H4: Due Soon | J4: Drafts
B5: =COUNTA('Document Register'!B2:B41) -> 10 | D5: =COUNTIF('Document Register'!F2:F41,"Active") -> 8 | F5: =COUNTIF('Document Register'!N2:N41,"OVERDUE") -> 1 | H5: =COUNTIF('Document Register'!N2:N41,"DUE SOON") -> 2 | J5: =COUNTIF('Document Register'!F2:F41,"Draft") -> 1
B9: Documents by Type
B10: Type | C10: Count
B11: SOP | C11: =COUNTIF('Document Register'!D2:D41,"SOP") -> 4
B12: Policy | C12: =COUNTIF('Document Register'!D2:D41,"Policy") -> 1
B13: Form | C13: =COUNTIF('Document Register'!D2:D41,"Form") -> 3
B14: Manual | C14: =COUNTIF('Document Register'!D2:D41,"Manual") -> 2
B15: Guideline | C15: =COUNTIF('Document Register'!D2:D41,"Guideline") -> 0
B16: Work Instruction | C16: =COUNTIF('Document Register'!D2:D41,"Work Instruction") -> 0
B17: Record | C17: =COUNTIF('Document Register'!D2:D41,"Record") -> 0
B22: Documents by Status
B23: Status | C23: Count
B24: Draft | C24: =COUNTIF('Document Register'!F2:F41,"Draft") -> 1
B25: Under Review | C25: =COUNTIF('Document Register'!F2:F41,"Under Review") -> 1
B26: Approved | C26: =COUNTIF('Document Register'!F2:F41,"Approved") -> 0
B27: Active | C27: =COUNTIF('Document Register'!F2:F41,"Active") -> 8
B28: Superseded | C28: =COUNTIF('Document Register'!F2:F41,"Superseded") -> 0
B29: Archived | C29: =COUNTIF('Document Register'!F2:F41,"Archived") -> 0
