Workbook

Sheet Cover & Instructions
B8: CAPA Tracking Template
B9: AHQS — Accelerate Healthcare Quality Solutions
B11: Corrective and Preventive Action tracker with root cause analysis, effectiveness checks, and overdue auto-flagging.
B13: How to Use This Tool
B14: 1. Enter your organization name and facility details in the header area of each sheet
B15: 2. Fill in the data columns — yellow-shaded cells contain formulas and should not be edited
B16: 3. Use the dropdown menus where provided for consistent data entry
B17: 4. Review the summary/dashboard sheet for auto-calculated metrics
B18: 5. Save a copy for each audit cycle or reporting period
B19: 6. This tool is free to use and customize for your organization's internal quality improvement
B21: Disclaimer
B22: This is an AHQS-created quality improvement tool — not an official CAP, ISO 15189, JCI or AABB standards document. Always purchase official standards directly from the accrediting bodies. This template is provided free of charge for internal quality improvement use. © 2026 Accelerate Healthcare Quality Solutions (AHQS). Not for resale.
B24: Tool ID: AHQS-CAPA-001 | Version: 1.0 | Created: October 2026

Sheet CAPA Register
A1: # | B1: CAPA ID | C1: Date Identified | D1: Source | E1: Issue Description | F1: Root Cause | G1: Corrective Action | H1: Preventive Action | I1: Owner | J1: Due Date | K1: Status | L1: Date Closed | M1: Effectiveness Check | N1: Days Overdue
A2: 1 | B2: CAPA-001 | C2: 2026-01-10 | D2: Audit Finding | E2: QC records not reviewed by supervisor within 24 hours | F2: Supervisor workload exceeded capacity during peak hours | G2: Reassigned QC review to alternate supervisor during peak | H2: Implemented automated QC alert system | I2: Lab Manager | J2: 2026-02-15 | K2: Closed | L2: 2026-02-10 | M2: Effective - no recurrence in 3 months | N2: =IF(AND(K2<>"Closed",K2<>"Cancelled",J2<>"",TODAY()>DATEVALUE(J2)),TODAY()-DATEVALUE(J2),0)
A3: 2 | B3: CAPA-002 | C3: 2026-01-20 | D3: Incident | E3: Expired reagent used in patient testing | F3: Reagent inventory not checked before use | G3: Discarded expired reagents, retested affected samples | H3: Implemented barcode scanning for reagent verification | I3: Quality Officer | J3: 2026-02-28 | K3: In Progress | N3: =IF(AND(K3<>"Closed",K3<>"Cancelled",J3<>"",TODAY()>DATEVALUE(J3)),TODAY()-DATEVALUE(J3),0)
A4: 3 | B4: CAPA-003 | C4: 2026-02-05 | D4: External Assessment | E4: Competency assessment not documented for 2 staff members | F4: Competency records stored in different locations | G4: Consolidated all competency records into central file | H4: Implemented quarterly competency review schedule | I4: HR Manager | J4: 2026-03-15 | K4: Open | N4: =IF(AND(K4<>"Closed",K4<>"Cancelled",J4<>"",TODAY()>DATEVALUE(J4)),TODAY()-DATEVALUE(J4),0)
A5: 4 | N5: =IF(AND(K5<>"Closed",K5<>"Cancelled",J5<>"",TODAY()>DATEVALUE(J5)),TODAY()-DATEVALUE(J5),0)
A6: 5 | N6: =IF(AND(K6<>"Closed",K6<>"Cancelled",J6<>"",TODAY()>DATEVALUE(J6)),TODAY()-DATEVALUE(J6),0)
A7: 6 | N7: =IF(AND(K7<>"Closed",K7<>"Cancelled",J7<>"",TODAY()>DATEVALUE(J7)),TODAY()-DATEVALUE(J7),0)
A8: 7 | N8: =IF(AND(K8<>"Closed",K8<>"Cancelled",J8<>"",TODAY()>DATEVALUE(J8)),TODAY()-DATEVALUE(J8),0)
A9: 8 | N9: =IF(AND(K9<>"Closed",K9<>"Cancelled",J9<>"",TODAY()>DATEVALUE(J9)),TODAY()-DATEVALUE(J9),0)
A10: 9 | N10: =IF(AND(K10<>"Closed",K10<>"Cancelled",J10<>"",TODAY()>DATEVALUE(J10)),TODAY()-DATEVALUE(J10),0)
A11: 10 | N11: =IF(AND(K11<>"Closed",K11<>"Cancelled",J11<>"",TODAY()>DATEVALUE(J11)),TODAY()-DATEVALUE(J11),0)
A12: 11 | N12: =IF(AND(K12<>"Closed",K12<>"Cancelled",J12<>"",TODAY()>DATEVALUE(J12)),TODAY()-DATEVALUE(J12),0)
A13: 12 | N13: =IF(AND(K13<>"Closed",K13<>"Cancelled",J13<>"",TODAY()>DATEVALUE(J13)),TODAY()-DATEVALUE(J13),0)
A14: 13 | N14: =IF(AND(K14<>"Closed",K14<>"Cancelled",J14<>"",TODAY()>DATEVALUE(J14)),TODAY()-DATEVALUE(J14),0)
A15: 14 | N15: =IF(AND(K15<>"Closed",K15<>"Cancelled",J15<>"",TODAY()>DATEVALUE(J15)),TODAY()-DATEVALUE(J15),0)
A16: 15 | N16: =IF(AND(K16<>"Closed",K16<>"Cancelled",J16<>"",TODAY()>DATEVALUE(J16)),TODAY()-DATEVALUE(J16),0)
... A29: 28 | N29: =IF(AND(K29<>"Closed",K29<>"Cancelled",J29<>"",TODAY()>DATEVALUE(J29)),TODAY()-DATEVALUE(J29),0)

Sheet Summary
B2: CAPA Summary
B4: Status | C4: Count | D4: Overdue
B5: Open | C5: =COUNTIF('CAPA Register'!K:K,"Open") | D5: =COUNTIFS('CAPA Register'!K:K,"Open",'CAPA Register'!N:N,">0")
B6: In Progress | C6: =COUNTIF('CAPA Register'!K:K,"In Progress") | D6: =COUNTIFS('CAPA Register'!K:K,"In Progress",'CAPA Register'!N:N,">0")
B7: Closed | C7: =COUNTIF('CAPA Register'!K:K,"Closed") | D7: =COUNTIFS('CAPA Register'!K:K,"Closed",'CAPA Register'!N:N,">0")
B8: Overdue | C8: =COUNTIF('CAPA Register'!K:K,"Overdue") | D8: =COUNTIFS('CAPA Register'!K:K,"Overdue",'CAPA Register'!N:N,">0")
B9: Cancelled | C9: =COUNTIF('CAPA Register'!K:K,"Cancelled") | D9: =COUNTIFS('CAPA Register'!K:K,"Cancelled",'CAPA Register'!N:N,">0")
